<xml xmlns:o="urn:schemas-microsoft-com:office:office">
 <o:MainFile HRef="../fag3210v5.36byMartin.htm"/>
 <o:File HRef="image001.gif"/>
 <o:File HRef="image002.jpg"/>
 <o:File HRef="image003.jpg"/>
 <o:File HRef="image004.jpg"/>
 <o:File HRef="image005.jpg"/>
 <o:File HRef="image006.jpg"/>
 <o:File HRef="image007.jpg"/>
 <o:File HRef="image008.jpg"/>
 <o:File HRef="image009.jpg"/>
 <o:File HRef="image010.jpg"/>
 <o:File HRef="image011.jpg"/>
 <o:File HRef="editdata.mso"/>
 <o:File HRef="filelist.xml"/>
</xml>